<?xml version="1.0" encoding="UTF-8"?>
<sip ident="AAA_GRUPO1">
  <meta>
    <titulo>AAA - Arquivo Aberto de trabalhos de Alunos</titulo>
    <data-inic>2012-10-15</data-inic>
    <data-fim>2013-01-28</data-fim>
    <supervisores>
      <supervisor>
        <nome>José Carlos</nome>
        <identificador>jcr</identificador>
        <email>jcr@di.uminho.pt</email>
        <web>http://www3.di.uminho.pt/~jcr/</web>
      </supervisor>
    </supervisores>
    <autores>
	  <autor>
        <nome>António Silva</nome>
        <identificador>pg22820</identificador>
        <email>pg22820@alunos.uminho.pt</email>
      </autor>
      <autor>
        <nome>Rui Brito</nome>
        <identificador>pg22781</identificador>
        <email>pg22781@alunos.uminho.pt</email>
      </autor>
    </autores>
  </meta>
  <resumo>
    <para>No dia a dia de uma instituição universitária produzem-se centenas de trabalhos, com mais ou menos profundidade, pelos alunos dessa instituição. Muitos desses trabalhos acabam na prateleira do professor uma vez avaliados. Neste projecto, pretende-se arquivar de forma segura esses projectos e garantir o acesso continuado a toda esta informação. Desta forma, poderemos promover a troca de</para>
    <para>ideias e dar alguma visibilidade a projectos e alunos que de outra forma seriam ignorados.</para>
    <para>A nossa plataforma foi desenvolvida tendo por base uma tentativa de uniformização, para facilitar ao utilizador a aprendizagem, uma grande flexibilidade, como a possibilidade de definir as permissões.</para>
    <para>Em todas as grande secções é, por norma, possível inserir, editar e eliminar registos. Nalguns casos é também possível obter ficheiros, ou mesmo ver de forma menos condensada toda a informação sobre o registo. Todas as eliminações necessitam de ser confirmadas, para garantir que o utilizador não se enganou ao tentar, por exemplo, clicar no botão para editar. Todos os botões mantêm semelhanças, também de modo a manter a coerência na apresentação visual da plataforma.</para>
    <para>As tabelas de informações também tentam ser o mais genéricas possivel de modo a permitir a mesma adaptação, e também uma facilidade para a criação e implementação de novos temas. Em cada tabela, haverá no máximo N registos (definidos na aplicação no ficheiro de configurações), sendo que haverá uma barra de navegação que permitirá ver todos os registos.</para>
    <para>Os formulários possuem algumas indicações, como por exemplo em campos como os do e-mail, das páginas web, datas, etc... Desta forma é visualmente mais agradável ao utilizador inserir a informação e perceber o que é pedido.</para>
  </resumo>
  <resultados>
    <resultado url="projecto.zip">Ficheiro zip com o código da aplicação web</resultado>
	<resultado url="ped.sql">Script sql para a criação da BD</resultado>
    <resultado url="report.xml">Relatório em formato XML</resultado>
    <resultado url="report_pg22820_pg22781.pdf">Relatório em formato PDF</resultado>
  </resultados>
</sip>
