<?xml version="1.0" encoding="UTF-8"?>
<?xml-model href="http://www.oasis-open.org/docbook/xml/5.0/rng/docbook.rng" schematypens="http://relaxng.org/ns/structure/1.0"?>
<article xmlns="http://docbook.org/ns/docbook" xmlns:xlink="http://www.w3.org/1999/xlink"
    version="5.0">
    <info>
        <title>AAA - Arquivo Aberto de trabalhos de Alunos</title>
        <author>
            <personname>António Silva</personname>
            <email>pg22820@alunos.uminho.pt</email>
            <affiliation>
                <jobtitle>PG22820</jobtitle>
                <orgname>Universidade do Minho</orgname>
            </affiliation>
        </author>
        <author>
            <personname>Rui Brito</personname>
            <email>pg22781@alunos.uminho.pt</email>
            <affiliation>
                <jobtitle>PG22781</jobtitle>
                <orgname>Universidade do Minho</orgname>
            </affiliation>
        </author>
    </info>


    <sect1>
        <title>Introdução</title>
        <para>
            Foi-nos solicitado o desenvolvimento de uma aplicação web que permitisse
            colmatar falhas que existem no arquivamento dos trabalhos dos alunos.
            Essa mesma aplicação deveria permitir manter um acesso a trabalhos já avaliados
            uma vez que estes podem constituir uma mais valia dessa instituição.
            Deste modo e tendo por base um enunciado muito aberto, e que nos permitia
            desenvolver bastante de acordo com as necessidades que achávamos existir,
            foi ganhando forma a nossa aplicação.
        </para>
    </sect1>

    <sect1>
        <title>Descrição do Problema</title>
        <para>
            No dia a dia de uma instituição universitária produzem-se centenas de trabalhos,
            com mais ou menos profundidade, pelos alunos dessa instituição.
            Muitos desses trabalhos acabam na prateleira do professor uma vez avaliados.
            Neste projecto, pretende-se arquivar de forma segura esses projectos e garantir o
            acesso continuado a toda esta informação. Desta forma, poderemos promover a troca de
            ideias e dar alguma visibilidade a projectos e alunos que de outra forma seriam ignorados.
        </para>
    </sect1>
    <sect1>
        <title>Base de Dados</title>
        <figure>
            <title>Estrutura da Base de Dados</title>
            <mediaobject>
                <imageobject>
                    <imagedata fileref="imgs/bd.svg" scale="75" format="SVG"/>
                </imageobject>
            </mediaobject>
        </figure>
        <para>
            A estrutura da Base de Dados foi inicialmente concebida tendo por base um esquema
            inicial desenvolvido nas aulas. No entanto foi substancialmente expandindo, permitindo
            albergar várias outras funcionalidades, como por exemplo, as permissões dinâmicas, as
            estatísticas, as categorias, entre outras.
        </para>
        <para>
            Ao serem feitas adições à mesma tentámos que a mantivessem o mais simples possível, mas
            ao mesmo tempo estivesse também relativamente genérica para permitir futuras adições
            sem necessitar de bastantes reformulações. Exemplo disso são os parâmetros dos logs,
            que permitem que facilmente seja indicados mais tipos de parâmetros sem fazer nenhum
            tipo de alteração na base de dados.
        </para>
    </sect1>
    <sect1>
        <title>Arquivo Aberto</title>
        <para>
            A nossa plataforma foi desenvolvida tendo por base uma tentativa de uniformização,
            para facilitar ao utilizador a aprendizagem, uma grande flexibilidade, como a possibilidade
            de definir as permissões.
        </para>
        <para>
            Em todas as grande secções é, por norma, possível inserir, editar e eliminar registos. Nalguns
            casos é também possível obter ficheiros, ou mesmo ver de forma menos condensada toda a informação
            sobre o registo. Todas as eliminações necessitam de ser confirmadas, para garantir que o utilizador
            não se enganou ao tentar, por exemplo, clicar no botão para editar. Todos os botões mantêm
            semelhanças, também de modo a manter a coerência na apresentação visual da plataforma.
        </para>
        <para>
            As tabelas de informações também tentam ser o mais genéricas possivel de modo a permitir
            a mesma adaptação, e também uma facilidade para a criação e implementação de novos temas.
            Em cada tabela, haverá no máximo N registos (definidos na aplicação no ficheiro
            de configurações), sendo que haverá uma barra de navegação que permitirá ver todos os
            registos.
        </para>
        <para>
            Os formulários possuem algumas indicações, como por exemplo em campos como
            os do e-mail, das páginas web, datas, etc... Desta forma é visualmente mais agradável ao
            utilizador inserir a informação e perceber o que é pedido.
        </para>
        <sect2>
            <title>Página Principal</title>
            <figure>
                <title>Página principal da plataforma</title>
                <mediaobject>
                    <imageobject>
                        <imagedata fileref="imgs/home.png" scale="35" format="PNG"/>
                    </imageobject>
                </mediaobject>
            </figure>
            <para>
                A página principal, serve simplesmente para permitir um acesso rápido a várias
                funcionalidades, que estão disponíveis para aquele utilizador.
            </para>
        </sect2>
        <sect2>
            <title>Autenticação</title>
            <figure>
                <title>Página de autenticação na plataforma</title>
                <mediaobject>
                    <imageobject>
                        <imagedata fileref="imgs/login.png" scale="35"/>
                    </imageobject>
                </mediaobject>
            </figure>
            <para>
                A página da autenticação, serve como em qualquer outro tipo de serviço para
                identificar o utilizador perante a plataforma, permitindo assim saber que permissões
                é que o mesmo têm, e o que pode ou não fazer. No caso de introduzir uma combinação
                de nome de utilizador e senha errados, o utilizador será alertado que a informação
                está errada.
            </para>
        </sect2>
        <sect2>
            <title>Utilizadores</title>
            <figure>
                <title>Página de gestão e visualização de utilizadores</title>
                <mediaobject>
                    <imageobject>
                        <imagedata fileref="imgs/users.png" scale="35"/>
                    </imageobject>
                </mediaobject>
            </figure>
            <para>
                A gestão de utilizadores permite ver um utilizador e a sua informação relativa,
                que está armazenada na Base de Dados, como o e-mail, o nome, o grupo a que
                pertence, etc... Um utilizador que possua trabalhos entregues não pode ser eliminado até
                os trabalhos desse mesmo serem eliminados.
            </para>
            <para>
                Mesmo que tenha permissões para o fazer, por motivos de segurança um utilizador
                nunca se poderá apagar a ele próprio.
            </para>
        </sect2>
        <sect2>
            <title>Grupos</title>
            <figure>
                <title>Página de gestão e visualização de grupos</title>
                <mediaobject>
                    <imageobject>
                        <imagedata fileref="imgs/grupos.png" scale="35"/>
                    </imageobject>
                </mediaobject>
            </figure>
            <para>
                A gestão de grupos permite uma maior flexibilidade na utilização da plataforma,
                já que os grupos podem ter permissões que são definidas e alteradas directamente por
                um administrador.
            </para>
            <para>
                Deste modo podem ser facilmente acrescentados outros modos de utilização à
                plataforma, sem que o seu código necessite de ser alterado.
            </para>
            <para>
                São considerados dois grupos especiais, o de Administrador e o de Visitante. No
                grupo de Administrador só é possível alterar o nome visível, sendo que o
                administrador terá sempre permissões para fazer tudo, independentemente do nome
                indicado. Pelo contrário, o Visitante não poderá fazer nada por omissão, podendo no
                entanto o administrador dar permissões normalmente como faria com outro grupo, mas
                tendo sempre presente que um utilizador desse grupo é qualquer utilizador não
                registado, logo não existem muitas informações sobre o mesmo.
            </para>
            <figure>
                <title>Página de visualização das permissões dos grupos</title>
                <mediaobject>
                    <imageobject>
                        <imagedata fileref="imgs/gperms.png" scale="35"/>
                    </imageobject>
                </mediaobject>
            </figure>
        </sect2>
        <sect2>
            <title>Logs</title>
            <figure>
                <title>Página de gestão e visualização dos logs</title>
                <mediaobject>
                    <imageobject>
                        <imagedata fileref="imgs/logs.png" scale="35"/>
                    </imageobject>
                </mediaobject>
            </figure>
            <para>
                A gestão dos logs permite ver dois tipos de <emphasis>logs</emphasis>, os
                automáticos e os manuais, sendo que apenas podem ser editados e eliminados
                directamente os logs manuais (sendo necessário no entanto ter permissões para tal).
                Os logs manuais, podem ser inseridos pelo utilizador directamente pelo formulário, e
                não aceitam parâmetros (terão que estar presentes na descrição, de forma textual).
            </para>
            <para>
                Pelo contrário os logs automáticos, como o nome indica, não podem ser inseridos pelo utilizador
                manualmente, são inseridos automaticamente pela aplicação
                quando é despoletado um evento (por exemplo a autenticação de um administrador), e
                pode ser guardado juntamente com um conjunto de parâmetros (por exemplos na
                alteração de um grupo, uma parâmetro pode ser o id do grupo, ou mesmo o nome).
            </para>
            <para>
                Ambos os tipos de logs permitem guardar o utilizador que realizou a acção, a data
                e hora, que acção foi realizada, e ainda uma descrição. Nos logs automáticos essa
                descrição ao ser mostrada, será antes interpretada pelo sistema de tradução e
                ser-lhe-ão adicionados os parâmetros, para produzir mensagens do idênticas à
                seguinte (ao utilizar a versão portuguesa):
                <code>O grupo Consumidor (id: 3) foi alterado.</code>
            </para>
            <para>
                Os logs também podem ser obtidos para um ficheiro xml, recorrendo a uma data
                de início, e a uma data de fim. Apesar de a interface visual não possuir
                nenhuma informação nesse sentido é também possível definir um offset (número
                de registos a ignorar) e um número máximo de registos a obter (por defeito
                são obtidos todos). Através do link
                <code>http://site/logs/export?after=[data]&amp;before=[data]&amp;n=[maximo]&amp;s=[offset]</code>
                pode ser facilmente personalizado exactamente omitindo ou introduzindo valores
                diferentes. Isto pode ser principalmente importante para obtenção automática
                ou por parte de outras aplicações de ficheiros.
            </para>
        </sect2>
        <sect2>
            <title>Estatísticas</title>
            <figure>
                <title>Página de visualização das estatísticas nas categorias</title>
                <mediaobject>
                    <imageobject>
                        <imagedata fileref="imgs/estatisticas.png" scale="35"/>
                    </imageobject>
                </mediaobject>
            </figure>
            <figure>
                <title>Página de visualização das estatísticas dos trabalhos na
                    categoria <emphasis>Outros Trabalhos</emphasis></title>
                <mediaobject>
                    <imageobject>
                        <imagedata fileref="imgs/estatisticas_cat.png" scale="35"/>
                    </imageobject>
                </mediaobject>
            </figure>
            <para>
                As estatísticas permitem ver o número de visualizações e downloads de um
                determinado trabalho. Estas podem ser acedidas para ver gráficos com todos os
                trabalhos existentes na plataforma, as estatísticas de cada categoria (que são a
                soma das estatísticas de cada trabalho pertencente a determinada categoria), ou os
                trabalhos de determinada categoria.
            </para>
            <para>
                Também é possível, para todas as estatísticas anteriores ver as mesmas por ano,
                mês ou dia indicados.
            </para>
            <para>
                Em qualquer das situações serão mostrados dois gráficos, um contendo o número e
                percentagem de visualizações da página html do trabalho, outro o número e
                percentagem de downloads do trabalho.
            </para>
        </sect2>
        <sect2>
            <title>Categorias</title>
            <figure>
                <title>Página de gestão e visualização das categorias</title>
                <mediaobject>
                    <imageobject>
                        <imagedata fileref="imgs/categorias.png" scale="35"/>
                    </imageobject>
                </mediaobject>
            </figure>
            <para>
                As categorias foram uma adição feita ao pedido no enunciado do trabalho pelo facto
                de serem algo, a nosso ver, bastante interessante para o tema.
            </para>
            <para>
                Cada trabalho pertence a uma categoria que pode ser gerida, de modo a apenas
                permitir inserções de trabalhos num determinado período de tempo, ser visível apenas
                por alguns grupos, e permite ainda definir se nessa categoria um utilizador normal
                pode ou não eliminar os seus próprios trabalhos nessa categoria. No entanto um
                administrador, independentemente, dos grupos seleccionados que podem ver as
                categorias conseguirá sempre ver as categorias todas.
            </para>
            <para>
                É também possível obter para cada categoria um <code>DIP_CONTAINER</code> que é
                uma agregação de DIP's, com um manifesto próprio e o formato zip.
            </para>
        </sect2>
        <sect2>
            <title>Trabalhos</title>
            <figure>
                <title>Página de gestão e visualização dos trabalhos</title>
                <mediaobject>
                    <imageobject>
                        <imagedata fileref="imgs/trabalhos.png" scale="35"/>
                    </imageobject>
                </mediaobject>
            </figure>
            <para> Os trabalhos são parte central da plataforma, a sua espinha dorsal. Como já foi
                referido anteriormente, os trabalhos estão divididos em categorias e dessa maneira,
                certos trabalhos poderão não estar visíveis para um utilizador pelo facto de este
                não poder aceder a Categoria à qual pertence o trabalho. </para>
            <sect3>
                <title>O processo de ingestão</title>
                <para>
                    Um trabalho pode ser submetido de dois modos pelos utilizadores, desde que os
                    mesmos possuam permissões para o fazer. O primeiro método é uma ingestão simples
                    de um ficheiro zip, indicando claramente nesse mesmo formulário a categoria onde
                    são inseridos e se o mesmo será público ou privado.
                </para>
                <para>
                    O outro método para o fazer é através de um formulário que permite criar o
                    pacote que seria submetido, através da indicação de dados como título, datas,
                    autores, resumo, resultados... Este formulário irá gerar um zip que será depois
                    tratado exactamente da mesma forma que o processo anterior.
                </para>
                <para>
                    Deste modo, em ambos os casos, depois de o sistema obter um pacote zip do
                    trabalho irá validá-lo e inseri-lo na Base de Dados e no Sistema de ficheiros
                    (no caso da existência de resultados). A validação pressupõe que o manifesto
                    exista com o nome <emphasis>pr.xml</emphasis>, que seja válido segundo o Schema
                    construído nas aulas, e que todos os resultados indicados nesse manifesto
                    estejam presentes no pacote com o nome indicado. Depois de passar por todas
                    estas validações o pacote é inserido.
                </para>
                <figure>
                    <title>Tentativa de inserção de um pacote inválido</title>
                    <mediaobject>
                        <imageobject>
                            <imagedata fileref="imgs/trabalhos_erro.png" scale="35"/>
                        </imageobject>
                    </mediaobject>
                </figure>
            </sect3>
            <sect3>
                <title>A gestão de trabalhos</title>
                <para>
                    Para cada trabalho existem várias operações que podem ser realizadas,
                    dependendo das informações guardadas sobre o próprio trabalho e das permissões
                    do utilizador. Se o trabalho for privado, apenas o utilizador que o submeteu e
                    utilizadores com permissões de ver trabalhos privados (por exemplo os
                    administradores) poderão ver esse trabalho. Na lista, aparecerá com cor bege,
                    para diferenciar dos outros trabalhos públicos.
                </para>
                <para>
                    Um trabalho só poderá ser eliminado, se o utilizador que o estiver a fazer
                    for administrador, ou se for o utilizador que submeteu o trabalho, com
                    permissões para o fazer, numa categoria aberta e que permita a eliminação de
                    trabalhos. No caso da categoria já estar fechada, ou não permitir a eliminação
                    de trabalhos, apenas o administrador os poderá eliminar.
                </para>
                <para>
                    Um administrador poderá editar o trabalho, sendo por isso apresentado um
                    formulário para a alteração desse mesmo trabalho. No caso do utilizador que o
                    submeteu, apenas pode editar a sua visibilidade (público ou privado).
                </para>
            </sect3>
            <sect3>
                <title>DIP</title>
                <figure>
                    <title>DIP em HTML de um trabalho presente na plataforma</title>
                    <mediaobject>
                        <imageobject>
                            <imagedata fileref="imgs/trabalhos_html.png" scale="35"/>
                        </imageobject>
                    </mediaobject>
                </figure>
                <para>
                    Existem dois tipos de DIP's na nossa plataforma (excluindo o
                    <code>DIP_CONTAINER</code>), um é o formato html do trabalho, que possui
                    entre outras coisas links directos para os resultados do trabalho, assim como o
                    resumo e todas as informações relevantes do mesmo. O outro é um pacote zip,
                    semelhante ao SIP, mas com algumas diferenças no manifesto. A primeira diferença
                    é o facto do elemento <emphasis>root</emphasis> ser dip e não sip. Para além
                    dessa diferença são exportados dados como a data de submissão, quem submeteu, em
                    que categoria se encontra... A forma de enviar os resultados e referenciá-los no
                    pacote DIP é igual ao SIP.
                </para>
            </sect3>
        </sect2>
        <sect2>
            <title>Pessoas</title>
            <para> Tanto os supervisores como os autores possuem mais elementos que os unem, do que
                elementos que os separem. Deste modo a sua gestão é bastante semelhante, pelo o que
                for dito para um é por norma válido para o outro. Essencialmente a sua informação
                reflecte a informação inserida na plataforma pelos trabalhos, e que pode ser
                alterada por utilizadores com permissões para tal. </para>
            <sect3>
                <title>Autores</title>
                <figure>
                    <title>Página de gestão e visualização de autores</title>
                    <mediaobject>
                        <imageobject>
                            <imagedata fileref="imgs/autores.png" scale="35"/>
                        </imageobject>
                    </mediaobject>
                </figure>
            </sect3>
            <sect3>
                <title>Supervisores</title>
                <figure>
                    <title>Página de gestão e visualização de supervisores</title>
                    <mediaobject>
                        <imageobject>
                            <imagedata fileref="imgs/supervisores.png" scale="35"/>
                        </imageobject>
                    </mediaobject>
                </figure>
                <para/>
            </sect3>
        </sect2>
    </sect1>

    <sect1>
        <title>Especificidades do desenvolvimento</title>
        <para/>
        <sect2>
            <title>Ferramentas utilizadas</title>
            <sect3>
                <title>Framework Kohana</title>
                <para>
                    Para o desenvolvimento em PHP optamos por utilizar a framework
                    Kohana, que nos permitia já ter de base o sistema MVC, um sistema
                    de routing, adaptada a POO (plenamente funcional com PHP 5),
                    facilidade para extender sistemas de autenticação, comunicação
                    com a Base de Dados, gravação de definições...
                </para>
                <para>
                    Também no desenvolvimento optamos por utilizar uma ferramenta auxiliar
                    do Kohana, que permitia a comunicação da Base de Dados, os Query
                    Builders, em que poderíamos utilizar simplesmente algo como:
                    <programlisting>
    $db = new MyDB();
    $query = $db->prepare('SELECT * FROM tabela WHERE campo = :id');
    $res = $query->execute(array(':id' => $valor));
                    </programlisting>
                    Enquanto com a versão do Kohana (que por baixo utiliza na mesma uma
                    versão do PDO), colocaríamos simplesmente:
                    <programlisting> $res = DB::select()->from('tabela')->where('campo', '=', $valor)
            ->execute();</programlisting>
                    Sendo que em ambos os casos temos garantida a protecção contra
                    SQL Injection.
                </para>
            </sect3>
            <sect3>
                <title>Twitter Bootstrap e JQuery</title>
                <para>
                    Em relação à parte mais visual e interactiva, linguagens da responsabilidade
                    do browser como o html, css e javascript optámos por usar JQuery juntamente
                    com o Twitter Bootstrap. Deste modo conseguimos facilmente uma aplicação visualmente
                    mais agradável de utilização e também mais interactiva (por exemplo as caixas
                    de diálogo que permitem confirmar a eliminação).
                </para>
            </sect3>
            <sect3>
                <title>Highcharts</title>
                <para>
                    Em conjunto com o anterior, esta ferramenta permitiu-nos facilmente criar
                    gráficos de qualidade, e ainda com alguns efeitos, para serem apresentados
                    nas estatísticas. De forma simples, e passando um conjunto de dados e
                    um conjunto de opções obtemos um gráfico visualmente atraente, sem
                    ser necessário reinventar a roda.
                </para>
            </sect3>
        </sect2>
        <sect2>
            <title>MVC</title>
            <para>
                Tal como foi explicado optamos por utilizar a framework Kohana para desenvolver
                a aplicação, o que nos permitiu logo de raiz construir a aplicação sobre
                o conceito de Model-View-Controller. Deste modo, podemos facilmente mexer numa
                das camadas prejudicando minimamente as outras (no caso de mexermos por exemplo
                na API de uma delas).
            </para>
            <para>
                Assim qualquer acesso à Base de Dados é sempre realizado dentro de uma instância
                de uma classe descendente da classe MyModel (que por sua vez é descendente da classe
                Model do Kohana). A Classe MyModel implementa variadas funções que são transversais
                a todas as classes que comunicam com a Base de Dados, o que permite poupar bastante código.
            </para>
            <para>
                No caso dos Controllers, também cada Controller (que podemos designar
                como a camada de negócio) é descendente da classe MyMain, que uma vez
                mais implementa funções transversais a qualquer Controller, e que permite
                saber que qualquer pedido realizado ao servidor irá sempre inicialmente
                chamar o construtor dessa mesma classe. Desse modo é possível, por exemplo
                verificar e carregar directamente aí o utilizador em sessão. Mais
                uma vez a poupança de código é bastante evidente.
            </para>
            <para>
                Para as Views, a framework Kohana já não utiliza classes, mas simplesmente ficheiros
                PHP, que podem ser inclusive HTML puro, mas que nesse caso perderiam as
                vantagens da utilização do PHP. Essas mesmas views apenas podem aceder
                às variáveis disponibilizadas pelo Controller, depois de indicar a View
                que seria chamada. Para melhorar o sistema, optamos por desenvolver por cima
                da framework um método de permitir tematizar de forma mais fácil a
                aplicação, método esse que é explicado mais à frente.
            </para>
        </sect2>
        <sect2>
            <title>Sistema de manutenção</title>
            <figure>
                <title>Página de autenticação, quando o sistema está em manutenção</title>
                <mediaobject>
                    <imageobject>
                        <imagedata fileref="imgs/manut.png" scale="35"/>
                    </imageobject>
                </mediaobject>
            </figure>
            <para>
                Para permitir a própria manutenção do sistema, e de forma fácil condicionar
                o acesso à aplicação, até por razões de segurança, foi criado um modo de manutenção
                que só pode ser activado e desactivado por um administrador. Depois de activado
                apenas um administrador poderá autenticar-se e entrar no sistema, sendo que existirá
                sempre uma fita no canto superior direito do ecrã a lembrar que os sistema está
                em modo de manutenção, como exemplifica a imagem abaixo.
            </para>
            <figure>
                <title>Exemplo de uma página vista pelo administrador, quando o sistema está em manutenção</title>
                <mediaobject>
                    <imageobject>
                        <imagedata fileref="imgs/manut_home.png" scale="35"/>
                    </imageobject>
                </mediaobject>
            </figure>
            <para>
                Um utilizador normal ou não autenticado será sempre redireccionado para
                página de autenticação do modo de manutenção enquanto o sistema estiver
                em modo de manutenção.
            </para>
        </sect2>
        <sect2>
            <title>Opção multilíngua</title>
            <para>
                Num sistema cada vez mais global a necessidade de personalização das plataformas
                é crucial, o que na nossa opinião se reflecte também na opção de existirem múltiplas
                escolhas de língua da plataforma. Deste modo a plataforma foi desenvolvida de modo
                a permitir mais que uma língua, sendo apenas necessário acrescentar um ficheiro
                na pasta <emphasis>i18n</emphasis>, idêntico ao ficheiro lá presente pt.php, onde
                os textos do lado direito (após o <emphasis>=></emphasis>) serão a tradução na
                língua que se pretende acrescentar. Tudo isto sem necessidade de andar alterar
                ficheiros de código, como controllers ou views...
            </para>
        </sect2>
        <sect2>
            <title>Adaptabilidade de temas</title>
            <para>
                Tal como foi referido anteriormente, a framework Kohana, não possuia nenhum
                método simples de permitir a tematização a plataforma. Assim, nós resolvemos
                desenvolver por cima da mesma um sistema que nos auxiliaria nesse aspecto.
                Cada tema possui dentro da pasta <emphasis>views</emphasis> uma pasta com o
                nome do tema. Dentro dessa pasta estão os ficheiros que podem ser chamados.
                No entanto quem faz essa gestão é o ficheiro <emphasis>pagina.php</emphasis> e
                o <emphasis>tpl_functions.php</emphasis> que está directamente debaixo da
                pasta <emphasis>views</emphasis>. Ambos os ficheiros são responsáveis por
                interpretar o pedido do Controller (que indica qual o tipo de página que pretende)
                e chamar a página respectiva.
            </para>
            <para>
                Cada tema possuirá no mínimo a pasta com o seu nome. No caso de o ficheiro
                pedido pelo Controller não estar disponível no tema que está a ser utilizado
                o mesmo será chamado a partir do tema default. Deste modo, páginas que não
                sejam alteradas entre o tema default e o tema a ser adicionado não necessitam
                de ser replicados.
            </para>
            <para>
                Também para aproveitar melhor a funcionalidade anterior, críamos uma classe
                <emphasis>baseTpl</emphasis> e outra estática <emphasis>TPL</emphasis>, que
                gere a instância activa da classe baseTpl, porque cada tema pode ter uma
                classe themeTPL, descendente da baseTpl e que será instanciada e gerida
                pela classe estática TPL. Deste modo, por exemplo para colocar um link
                para uma tarefa de edição, por exemplo, basta chamar:
                <programlisting>TPL::LinkEditar('http://site/action', 'Texto do Botão')</programlisting>
                Sendo que a função devolve o código html necessário para a criação desse
                botão no tema que está a ser utilizado, independentemente de qual seja.
            </para>
            <para>
                Assim, personalizar partes da plataforma é extremamente simples, criando
                uma nova classe themeTPL, ou criando novos ficheiros debaixo da pasta
                do tema.
            </para>
            <para>
                Para permitir funções mais especificas em cada tema, é possível também
                obter o objecto instanciado pela classe TPL, através do
                <code>TPL::instance()</code> sendo que é devolvida a instância utilizada naquele tema
                e que permitirá ao programador do tema uma maior liberdade para expandir
                o seu próprio tema de maneira estruturada.
            </para>
        </sect2>
    </sect1>
    <sect1>
        <title>Conclusão e trabalho futuro</title>
        <para>
            Este trabalho, com bastante liberdade permitiu que fôssemos desenvolvendo
            um conjunto de funcionalidades, que não eram inicialmente pedidas, como
            as categorias, o sistema de manutenção, o sistema multilingue entre outras.
            No entanto, e no nosso entender, o trabalho ainda poderia ser extendido
            com outras funcionalidades interessantes que não puderam ser implementadas
            para respeitar o prazo de entrega. No futuro poderiam ainda ser implementadas
            funcionalidades como grupos com hierarquias (em que as permissões seriam herdadas
            e permitiria mais facilmente criar grupos idênticos), sistema de pesquisa por campos,
            adição da disponibilização de serviços, por exemplo através de SOAP, entre outras.
        </para>
        <para>
            Apesar de tudo isso achamos que o essencial do trabalho foi bem conseguido,
            tendo um sistema bastante funcional e ao mesmo tempo com um design apelativo,
            não o melhor do mundo (uma vez que nenhum de nós é designer), mas algo que
            não é completamente inestético, como uma página em branco com links.
        </para>
    </sect1>


</article>